<?xml version="1.0" encoding="utf-8"?>
<!-- Copyright (c) 2016-Present Webkul Software Pvt. Ltd. (<https://webkul.com/>) -->
<!-- See LICENSE file for full copyright and licensing details. -->
<!-- License URL : https://store.webkul.com/license.html/ -->

<odoo>
    <data noupdate="1">
        <!--Mail to customer to remind for appointment state changed-->
        <record id="reminder_mail_to_customer" model="mail.template">
            <field name="name">Reminder Mail to Customer</field>
            <field name="email_from">{{object.company_id.partner_id.email or '' | safe}}</field>
            <field name="subject">Appointment Reminder</field>
            <field name="email_to">{{object.customer.email or '' | safe}}</field>
            <field name="email_cc">{{object.company_id.partner_id.email or '' | safe}</field>
            <field name="model_id" ref="wk_appointment.model_appointment"/>
            <field name="auto_delete" eval="True"/>
            <field name="lang">{{object.customer.lang}}</field>
            <field name="body_html" type="html">

                                    <p>Hello <t t-out=">object.customer.name"/>,</p>
                                    <p>This is a reminder mail.</p>
                                    <p>Your Appointment <t t-out="object.name"/> has been scheduled on <t t-out="object.appoint_date"/> and the details are as follows :-</p>
                                    <table>
                                        <tr>
                                            <td><b>Appointment </b></td>
                                            <td>: <t t-out="object.name"/></td>
                                        </tr>
                                        <tr>
                                            <td><b>Date </b></td>
                                            <td>: <t t-out="object.appoint_date"/></td>
                                        </tr>
                                        <tr>
                                            <td><b>Appointment With </b></td>
                                            <td>: <t t-out="object.appoint_person_id.name"/> </td>
                                        </tr>
                                        <t t-if="object.timeslot">
                                            <tr>
                                                <td><b>Timeslot </b></td>
                                                <td>: <t t-out="object.time_slot.name"/> </td>
                                            </tr>
                                        </t>
                                        <tr>
                                            <td><b>Status </b></td>
                                            <td style="text-transform:capitalize;"><b>: <t t-out="object.status"/></b></td>
                                        </tr>
                                    </table>
                                    <p>Kindly be on time.</p>
                                    <p>Thank you,</p>
                                    <p>(<t t-out="object.create_uid.company_id.name"/>)</p>
            </field>
        </record>
    </data>
</odoo>
