<?xml version="1.0" encoding="utf-8"?>
<!-- Copyright (c) 2016-Present Webkul Software Pvt. Ltd. (<https://webkul.com/>) -->
<!-- See LICENSE file for full copyright and licensing details. -->
<!-- License URL : https://store.webkul.com/license.html/ -->
<odoo>
	<data noupdate="1">
		<record id="appointment_security_category" model="ir.module.category">
			<field name="name">Appointment</field>
		</record>
		<record id="appointment_appointee_group" model="res.groups">
			<field name="name">Appointee</field>
			<field name="category_id" ref="appointment_security_category"/>
		</record>

		<record id="appointment_officer_group" model="res.groups">
			<field name="name">Officer</field>
			<field name="category_id" ref="appointment_security_category"/>
			<field name="implied_ids" eval="[(4,ref('appointment_appointee_group'))]"/>
		</record>

		<record id="appointment_manager_group" model="res.groups">
			<field name="name">Manager</field>
			<field name="category_id" ref="appointment_security_category"/>
			<field name="implied_ids" eval="[(4,ref('appointment_officer_group')),(4,ref('account.group_account_manager'))]"/>
			<field name="users" eval="[(4, ref('base.user_root')), (4, ref('base.user_admin'))]"/>
		</record>


		<!-- *************** Appointee Rules ***************** -->

		<record id="show_appointee_only_rule" model="ir.rule">
			<field name="name">Show Appointee only</field>
			<field name="model_id" ref="model_res_partner"/>
			<field name="domain_force">[('id', 'child_of', user.commercial_partner_id.id)]</field>
			<field name="perm_write" eval="1"/>
			<field name="perm_read" eval="1"/>
			<field name="groups" eval="[(4, ref('appointment_appointee_group'))]"/>
		</record>

		<record id="show_to_appointee_all_customer" model="ir.rule">
	        <field name="name">All Customer For Appointee</field>
	        <field name="model_id" ref="model_res_partner"/>
	        <field name="domain_force">[(1,'=',1)]</field>
	        <field name="perm_write" eval="0"/>
	        <field name="perm_read" eval="1"/>
	        <field name="perm_create" eval="0"/>
	        <field name="perm_unlink" eval="0"/>
	        <field name="groups" eval="[(4, ref('appointment_appointee_group'))]"/>
	    </record>

		<record id="appoint_mgmt_user_rule" model="ir.rule">
			<field name="name">User Rule</field>
			<field name="model_id" ref="model_appointment" />
			<field name="groups" eval="[(4,ref('appointment_appointee_group'))]" />
			<field name="domain_force">[('appoint_person_id','=',user.partner_id.id)]</field>
		</record>

		<record id="appoint_mgmt_user_report_rule" model="ir.rule">
			<field name="name">User Reporting Rule</field>
			<field name="model_id" ref="model_appointment_report" />
			<field name="groups" eval="[(4,ref('appointment_appointee_group'))]" />
			<field name="domain_force">[('appoint_person_id','=',user.partner_id.id)]</field>
		</record>

		<!-- *************** Officer Rules ***************** -->
		<record id="officer_show_all_appointee_rule" model="ir.rule">
			<field name="name">Officer Show all Appointee</field>
			<field name="model_id" ref="model_res_partner"/>
			<field name="domain_force">[(1, '=', 1)]</field>
			<field name="perm_write" eval="1"/>
			<field name="perm_read" eval="1"/>
			<field name="groups" eval="[(4, ref('appointment_officer_group'))]"/>
		</record>
		<record id="appoint_mgmt_Officer_rule" model="ir.rule">
			<field name="name">Officer Rule</field>
			<field name="model_id" ref="model_appointment" />
			<field name="groups" eval="[(4,ref('appointment_officer_group'))]" />
			<field name="domain_force">[(1,'=',1)]</field>
		</record>
		<record id="appoint_mgmt_officer_report_rule" model="ir.rule">
			<field name="name">Officer Reporting Rule</field>
			<field name="model_id" ref="model_appointment_report" />
			<field name="groups" eval="[(4,ref('appointment_officer_group'))]" />
			<field name="domain_force">[(1,'=',1)]</field>
		</record>

		<!-- *************** Manager Rules ***************** -->
		<record id="show_all_apointee_rule" model="ir.rule">
			<field name="name">Manager Show all Appointee</field>
			<field name="model_id" ref="model_res_partner"/>
			<field name="domain_force">[(1, '=', 1)]</field>
			<field name="perm_write" eval="1"/>
			<field name="perm_read" eval="1"/>
			<field name="groups" eval="[(4, ref('appointment_manager_group'))]"/>
		</record>
		<record id="appoint_mgmt_manager_rule" model="ir.rule">
			<field name="name">Manager Rule</field>
			<field name="model_id" ref="model_appointment" />
			<field name="groups" eval="[(4,ref('appointment_manager_group'))]" />
			<field name="domain_force">[(1,'=',1)]</field>
		</record>
		<record id="appoint_mgmt_manager_report_rule" model="ir.rule">
			<field name="name">Manager Reporting Rule</field>
			<field name="model_id" ref="model_appointment_report" />
			<field name="groups" eval="[(4,ref('appointment_manager_group'))]" />
			<field name="domain_force">[(1,'=',1)]</field>
		</record>


		<!-- Multi - Company Rules -->

	    <record model="ir.rule" id="appointment_comp_rule">
	        <field name="name">Appointment multi-company</field>
	        <field name="model_id" ref="model_appointment"/>
	        <field name="global" eval="True"/>
	        <field name="domain_force">['|',('company_id','=',False),('company_id','in',[user.company_id.id])]</field>
	    </record>

		 <record model="ir.rule" id="appointment_lines_comp_rule">
	        <field name="name">Appointment lines multi-company</field>
	        <field name="model_id" ref="model_appointment_lines"/>
	        <field name="global" eval="True"/>
	        <field name="domain_force">['|',('company_id','=',False),('company_id','in',[user.company_id.id])]</field>
	    </record>

	    <record model="ir.rule" id="appointment_report_comp_rule">
	        <field name="name">appointment report multi-company</field>
	        <field name="model_id" ref="model_appointment_report"/>
	        <field name="global" eval="True"/>
	        <field name="domain_force">['|',('company_id','=',False),('company_id','in',[user.company_id.id])]</field>
	    </record>

		<record model="ir.rule" id="appointment_person_group_comp_rule">
	        <field name="name">appointment person group multi-company</field>
	        <field name="model_id" ref="model_appointment_person_group"/>
	        <field name="global" eval="True"/>
	        <field name="domain_force">['|',('company_id','=',False),('company_id','in',[user.company_id.id])]</field>
	    </record>

		<record model="ir.rule" id="appointment_timeslot_comp_rule">
	        <field name="name">Appointment timeslot multi-company</field>
	        <field name="model_id" ref="model_appointment_timeslot"/>
	        <field name="global" eval="True"/>
	        <field name="domain_force">['|',('company_id','=',False),('company_id','in',[user.company_id.id])]</field>
	    </record>

		<record model="ir.rule" id="appointment_source_comp_rule">
	        <field name="name">Appointment source multi-company</field>
	        <field name="model_id" ref="model_appointment_source"/>
	        <field name="global" eval="True"/>
	        <field name="domain_force">['|',('company_id','=',False),('company_id','in',[user.company_id.id])]</field>
	    </record>


	</data>
</odoo>
